1,99,Colgate O'Leary,66,9,9m,Thundy,Victor,1,12,5,9.336
2,99,Julian Bryze,60,8,2m,Pthalorarity,Victor,1,11,5,8.979
3,99,River Destin,63,8,4f,South,8,2,10,5,8.066
4,99,Mace Emberstatt,59,7,10m,Kay,Victor,1,10,4,7.803
5,99,Justice Fray,73,8,1m,Arx,Victor,1,8,5,7.787
6,99,Cricket Antoinette,63,8,2f,Lalia,Victor,1,12,3,7.713
7,99,Aranica Petros,55,7,12f,Wolf Tears,Victor,1,7,5,7.442
8,99,Shelby Leviane,75,9,8f,Mylee,Victor,1,5,6,7.385
9,99,Leon Krigel,67,8,4m,Anzie,Victor,1,9,4,7.352
10,99,Peridot Myler,62,9,1M,Wonder,Victor,1,11,3,7.274
11,98,Wednesdae Drummond,62,9,9M,Rook,9,2,8,5,7.271
12,98,Opal Shore,64,8,1f,Cass,Victor,1,8,4,6.955
13,98,Harbinger Rhodes,71,9,11m,Cato,Victor,1,8,4,6.913
14,98,Gypsy Keeni,63,8,6f,Lulu,8,3,9,4,6.692
15,98,Ansel Khiev,77,8,6m,Kousei,7,4,9,6,6.678
16,98,Sawyer Monaghan,59,7,3m,Charade,7,3,11,3,6.655
17,97,Iago Izar-McClaine,65,8,11m,Zori,7,4,10,4,6.574
18,97,Klaus Goravich,61,8,3m,Clover,Victor,1,9,3,6.520
19,97,Jared Strahan,54,9,8m,Lulu,9,2,10,3,6.402
20,97,Reyes Moreno,60,8,1m,Thundy,8,2,10,3,6.402
21,97,Yaa Valarro,64,8,7f,Thundy,8,2,10,3,6.402
22,97,Laila Sycamore,66,9,5f,Python,9,2,10,3,6.402
23,96,Charas Harp,59,7,12f,Cameron,5,9,12,4,6.171
24,96,Ansgar Todd,74,8,10m,Kire,Victor,1,8,3,6.122
25,96,Circe Lyon,70,8,2f,Kay,6,5,10,4,6.059
26,96,Aesop Bloom,59,7,6m,Lalia,7,2,11,2,5.967
27,96,Ellexias Verisity,69,8,6f,Python,7,3,8,4,5.924
28,96,Aria Wolfe,62,9,8F,Zoë,9,3,9,3,5.860
29,96,Arbor Halt,54,9,12m,Aya,Victor,1,3,5,5.758
30,95,Katelyn Persimmon,69,8,11f,Charade,Victor,1,7,3,5.725
31,95,Heron Kimberling,57,8,12f,Tsarashi,Victor,1,9,2,5.688
32,95,Topaz Ross,56,9,1f,Lulu,Victor,1,9,2,5.647
33,95,Takeba Suzumi,56,9,4f,Luna,9,2,6,4,5.644
34,95,Dru Charlesburg,55,7,1f,Cinder,7,2,10,2,5.570
35,95,Kiena Ward,70,8,3f,Stare,7,3,9,3,5.489
36,94,Alexander Hood,59,7,7m,Aya,6,6,10,3,5.401
37,94,Saffron Lowe,65,8,10f,Zoë,Victor,1,8,2,5.290
38,94,Lux Pelotte,76,9,4f,Azaleah,9,2,11,3,5.265
39,94,Zinnia Yaren,54,9,1f,Thundy,8,5,9,3,5.242
40,94,Ezero Laffan,72,9,8m,Kire,9,2,7,3,5.209
41,94,Cassiopeia Shaw,75,9,2f,Ali,9,2,7,3,5.209
42,93,Siren Baitwell,67,8,4f,Kire,8,2,9,2,5.172
43,93,Heather Tenley,71,9,7f,Cameron,9,2,9,2,5.172
44,93,Hyacinth Mortuus,74,8,12f,Python,8,2,11,1,5.135
45,93,Pillar Fray,74,8,1f,Tristen,7,3,8,3,5.091
46,93,Stella Blakesley,78,9,12f,Alex,Victor,1,10,3,5.012
47,93,Kirito Miristioma,70,8,11M,Arrows,Victor,1,5,3,4.930
48,93,Asha Lumiere,74,8,1m,Kousei,7,4,10,2,4.910
49,92,Stark Harper,61,8,1f,Aya,7,4,10,2,4.910
50,92,Fitz Ripley,61,8,4m,Windy,8,2,4,4,4.849
51,92,Euley Sarasin,78,9,2f,Tristen,7,5,11,3,4.832
52,92,Margaret DuBois,69,8,7f,Mylee,8,2,6,3,4.812
53,92,Locust Lovelace,64,8,4f,Python,6,5,11,2,4.792
54,92,Ewe Saw,65,8,4m,Shrimp,8,2,8,2,4.775
55,91,Willis Keeni,66,9,6m,Rook,8,3,7,3,4.735
56,91,Anise Himura,75,9,2f,Shrimp,8,5,9,2,4.698
57,91,Salome Izar,75,9,11f,Zori,8,6,11,1,4.661
58,91,Kiara Mason,60,8,11f,Lulu,7,3,9,2,4.657
59,91,Riven Fowley,75,9,10f,Solo,7,14,9,3,4.623
60,91,Septys Lexig,71,9,1m,Muffin,9,3,10,1,4.593
61,90,Aeson Kight,78,9,6m,Kousei,8,4,10,3,4.579
62,90,Potato Earnest,67,8,11m,Elegant,7,4,7,3,4.549
63,90,Patricia Valfierno,68,9,5f,Rook,Victor,1,2,4,4.528
64,90,Someith Krearns,71,9,4m,Kire,9,4,6,3,4.523
65,90,Ailia Goodnite,54,9,3f,Kara,8,4,11,1,4.517
66,90,Eva Hope,75,9,8f,Puppy,7,10,8,3,4.514
67,89,Lyric Woulf,66,9,6f,Nyte,7,5,10,2,4.477
68,89,Iris Flower-Oak,73,8,7f,Puppy,8,2,5,3,4.414
69,89,Owen Rook,63,8,7m,Aya,7,5,9,2,4.368
70,89,Shanks Kensington,55,7,4m,Quint,6,5,7,3,4.352
71,89,Seah Storstrand,58,8,4m,Thundy,7,3,4,4,4.333
72,89,Danny Brooker,72,9,3f,Stare,8,3,8,2,4.300
73,89,Blue Kilio,54,9,12f,Breeze,9,3,7,2,4.233
74,88,Titus Seraphim,76,9,9m,Elegant,8,4,7,4,4.219
75,88,Asunder Hayes,63,8,12m,Kay,6,7,6,4,4.180
76,88,Avon Lightwood,60,8,1f,Elegant,7,4,6,3,4.152
77,88,Atticus Manor,72,9,3m,Mattio,Victor,1,1,4,4.130
78,88,Xanthus Grimm,64,8,1m,Elegant,7,4,10,1,4.078
79,88,Emberly Lowe,76,9,10f,Briar,8,3,8,3,3.928
80,87,Gage Cooper,58,8,3m,Damen,5,6,8,3,3.916
81,87,Jenoah Rasoio,74,8,8m,Frankel,6,7,7,3,3.745
82,87,Machaon Amador,73,8,8m,Python,7,4,7,2,3.717
83,87,Lethe Turner,58,8,5f,Rosetta,Victor,1,4,2,3.700
84,87,Orion Hammerfell,70,8,2m,Cato,7,4,9,1,3.680
85,87,Sundra Wie,59,7,5f,Shrimp,7,4,8,1,3.654
86,86,Pyrian Keeni,63,8,6m,Python,8,4,8,1,3.654
87,86,Pearl Millison,68,9,1f,Python,6,6,9,2,3.605
88,86,Ingrid Elwyn,67,8,11f,Python,6,8,7,3,3.601
89,86,Dicentra Gambler,58,8,6m,Plantix,6,5,8,2,3.599
90,86,Wyatt Manderson,69,8,7m,Dee,5,8,10,2,3.590
91,86,Galaxy Rose-Clements,68,9,6f,Shrimp,9,2,5,2,3.582
92,86,Razor Creel,58,8,2m,Charade,8,2,7,1,3.545
93,85,Celia Mortuus,72,9,12f,Avalon,7,6,8,2,3.538
94,85,Alexis Rondhal,69,8,4m,Dars,5,9,10,2,3.446
95,85,Storm Wie,57,8,5m,Dee,6,4,7,2,3.346
96,85,Sol Shim,72,9,5m,Arcticwoof,7,8,6,3,3.286
97,85,Cynthia Rose Delgado,77,8,1f,Lancelot,8,2,8,2,3.241
98,85,Raven Sayer,78,9,7m,Griffin,9,2,8,2,3.241
99,84,Samira Hart,74,8,5f,Zoe,6,5,7,2,3.202
100,84,Katie Morven,57,8,3f,Phunke,8,2,4,2,3.184
101,84,Jae Moreno,61,8,1m,Thundy,7,5,6,2,3.175
102,84,Beretta Corléon,71,9,2f,Lalia,8,5,10,0,3.143
103,84,Berkley Ichabod,59,7,8m,Eastern,6,5,6,2,3.122
104,84,Alexandre Dupont,74,8,5m,Fox,6,6,5,3,3.094
105,83,Lucy Peverell,65,8,12f,Clover,7,3,5,2,3.067
106,83,Daria Staite,71,9,4f,Ali,8,6,8,1,3.035
107,83,Teddy Ursa,76,9,6m,Tom,Victor,1,5,3,3.024
108,83,Jacinta Salazar,77,8,7f,Briar,Victor,1,5,3,3.024
109,83,Argent Melanger,55,7,2m,Micra,6,6,8,1,2.941
110,83,Crusader Rhodes,68,9,11m,Cato,8,4,7,1,2.926
111,82,Lucas O'Hara,75,9,9m,Lancelot,8,7,7,1,2.926
112,82,Archer Fields,54,9,2m,Quint,3,10,9,3,2.870
113,82,Mason Hammerfell,69,8,2m,Cato,5,10,11,1,2.867
114,82,Emery Moreno,65,8,1f,Cici,6,5,4,3,2.841
115,82,Mel Clark,55,7,3f,Jimmylost,6,4,9,0,2.795
116,82,Tamron Rhodes,75,9,11m,Dee,9,3,3,2,2.787
117,82,Saummerand Demheaux,75,9,2m,Arcticwoof,9,4,3,2,2.787
118,81,Marchello Donner,69,8,6m,Kire,6,5,8,1,2.767
119,81,Scout Krigel,73,8,4f,Lalia,6,5,8,1,2.767
120,81,Gunner La Torre,70,8,4f,Lalia,5,11,11,1,2.723
121,81,Carex Julian,55,7,7m,Matt,6,8,8,1,2.652
122,81,Charlotte Brownings,67,8,1f,Rave,7,3,6,1,2.632
123,81,Owen Bowers-Fox,67,8,8m,Mylee,6,6,8,1,2.623
124,80,Preston Garrity,70,8,4m,Flyss,6,6,8,1,2.623
125,80,Destiny Lenstil,61,8,2f,Stare,7,6,7,1,2.597
126,80,Kiera Dempsey,62,9,1F,South,4,12,6,4,2.551
127,80,Aenor Kembry,58,8,3f,Nofo,7,4,6,1,2.488
128,80,Josephine Emerson,77,8,11f,Solo,6,5,5,3,2.447
129,80,Ivy Soren,63,8,9f,Clover,6,10,9,1,2.443
130,79,Sue Tate,70,8,7m,Pogue,6,7,10,0,2.442
131,79,Curtis Grant,62,9,7M,Charade,7,8,8,1,2.417
132,79,Jango Graves,55,7,6m,Tori,6,7,7,1,2.399
133,79,Naveen Casovnik,62,9,6F,Arx,8,5,6,1,2.385
134,79,Sierra Birdbrook,64,8,12f,Clover,5,8,9,1,2.361
135,79,Wyatt O'Connor,70,8,6m,Mylee,8,2,4,1,2.352
136,79,Eye Saw,66,9,4m,Elegant,6,9,11,0,2.303
137,78,Mikhail Ivashkov,64,8,6m,Kiah,7,3,3,2,2.271
138,78,Wylla Lysander,75,9,3f,Azaleah,7,12,9,0,2.271
139,78,Pandora Woodards,61,8,8m,Rook,4,12,9,2,2.244
140,78,Roger Strangways-Teach,73,8,4m,Aya,7,3,5,1,2.234
141,78,Jim McCoy,65,8,3m,Cato,6,6,7,1,2.225
142,78,Prism Nixton,69,8,3m,Arrows,6,6,7,1,2.225
143,77,Achilles Muto,73,8,2f,Pogue,5,9,9,1,2.216
144,77,Semper Capone,55,7,5m,Semper,7,3,4,1,2.208
145,77,Cerise Mephistopheles,65,8,3f,Aya,4,12,11,1,2.207
146,77,Eszter Summit,75,9,7f,Kari,5,16,9,1,2.154
147,77,Nash Harvey,56,9,2f,Aya,8,4,5,1,2.131
148,77,Kite Tide,72,9,4m,Elegant,7,5,4,2,2.092
149,76,Jem Morgan,67,8,1m,Pthalorarity,5,13,8,2,2.074
150,76,Scout Watson,65,8,11f,Rosetta,5,8,6,2,2.000
151,76,Zack Detroff,57,8,8m,Greenbeads,5,6,1,4,1.965
152,76,Heather Elliot,62,9,11F,Chelsey,7,6,4,2,1.947
153,76,Finley Combes,78,9,9m,Frankel,8,3,5,2,1.904
154,76,Anni Dorst,66,9,3f,Dee,7,6,8,0,1.873
155,75,Andal Ferde,64,8,5m,Semper,6,6,4,2,1.865
156,75,Zuka Faybi,57,8,11f,Nervoux,6,3,5,1,1.863
157,75,Luyu Nimmons,56,9,3f,Cameron,7,7,2,3,1.840
158,75,Midas Farrow,59,7,2m,Zak,5,8,7,1,1.831
159,75,Luciana Trevers,64,8,5f,Stare,5,9,8,1,1.819
160,75,Will Atlas,56,9,8m,Shrimp,5,8,6,2,1.794
161,75,Shrol Raidan,60,8,8m,Meg,6,6,8,0,1.791
162,74,Francesca Levroux,66,9,1f,Dreamer,8,4,2,2,1.771
163,74,Stella Calloway,68,9,11f,Cait,6,5,4,2,1.762
164,74,Cade Riene,78,9,3m,Calla,6,9,11,0,1.759
165,74,Ari Newton,66,9,11m,Kousei,5,11,7,2,1.758
166,74,Tyler Westbrook,71,9,5m,Lancelot,8,7,5,1,1.698
167,74,Castor Karmichael,75,9,7f,Python,8,8,6,0,1.697
168,73,Mordecai Wu,74,8,4m,Elegant,3,16,10,2,1.693
169,73,Rodrick Benstaloe,71,9,10m,Mattio,5,17,9,2,1.688
170,73,Inkling Marling,60,8,5f,Stare,6,7,8,0,1.646
171,73,Jana Hale,61,8,7f,Gxk,6,7,8,0,1.646
172,73,Dan Johnwayne,67,8,2m,Aya,5,10,10,0,1.637
173,73,Kitty Keeni,71,9,6m,Anzie,7,8,6,1,1.622
174,72,Ailis Copper,62,9,12F,Nofo,5,9,8,1,1.612
175,72,Dustyn Chase,71,9,2m,Dars,7,11,7,1,1.586
176,72,Cody Bowers-Fox,71,9,8m,Mylee,5,15,8,2,1.579
177,72,Daniella Lamonde,57,8,9f,Dancin,6,5,5,1,1.574
178,72,Asher Rainer,70,8,7m,RoyalGhost,6,8,8,0,1.502
179,72,Phyllis Roman,62,9,3F,Mcmarti99,4,13,10,1,1.500
180,71,Riordan Einfallen,75,9,6m,Tom,7,11,7,0,1.476
181,71,Damion Winters,62,9,10M,SininChaos,5,10,8,1,1.468
182,71,Joshua Rowan,56,9,9m,Kitsune,8,3,5,0,1.443
183,71,Atlas White,73,8,9m,Nyte,6,6,5,1,1.430
184,71,Mahlah Shea,61,8,3f,Greenbeads,8,3,2,1,1.413
185,71,Atlas Lumiere,75,9,1m,Kousei,4,22,9,1,1.391
186,71,Rolf Parks,74,8,9m,Emsrocks,5,9,9,0,1.384
187,70,Torka Hammerfell,74,8,2m,Cato,4,15,10,1,1.377
188,70,Savannah Carey,66,9,8f,Stare,6,10,9,0,1.364
189,70,Hero Marvray,76,9,4m,Thundy,6,9,10,0,1.361
190,70,Viridian Harper,63,8,1m,Greenbeads,6,9,8,0,1.358
191,70,Astrid Shaw,72,9,2f,Ali,8,4,3,1,1.336
192,70,Ruth Foster,71,9,1f,Cameo,7,10,8,0,1.296
193,69,Cam Dialate,76,9,5f,Puppy,6,10,6,2,1.291
194,69,Drace Vandel,64,8,3m,Dars,6,7,5,1,1.286
195,69,Tybalt Capulet,70,8,1m,Ani,5,10,7,1,1.277
196,69,Isaac Jacobi,78,9,1m,Lancelot,6,10,8,1,1.254
197,69,Esme Truus,68,9,10f,Emsrocks,5,9,5,2,1.252
198,69,Lucrezia Eckhart,73,8,6f,Kari,6,7,7,0,1.249
199,68,Maye Talliago,74,8,6f,Charade,4,13,11,0,1.231
200,68,Bella Rose,78,9,10f,Ryan,7,8,7,1,1.145
201,68,Erebus Turner,67,8,5m,Greenbeads,6,5,6,0,1.140
202,68,Raven Barker,75,9,7f,Dars,4,21,8,1,1.138
203,68,Eliana Ledessa,60,8,6f,Phunke,3,9,6,2,1.113
204,68,Sage Scarborough,75,9,12m,Kaplan,7,13,6,0,1.078
205,68,Fionnbharr Stoddard,68,9,8m,Rave,8,3,4,0,1.046
206,67,Gavin Barker,67,8,7m,Dars,5,9,6,1,1.024
207,67,Lily Hope,70,8,8f,Puppy,5,9,6,1,1.024
208,67,Emerald Shore,63,8,1f,Nofo,4,12,8,1,1.014
209,67,Anastasia Estrange,54,9,10f,Tori,8,6,5,0,1.010
210,67,Cyrus Malloc,61,8,6m,Luke,5,9,8,0,0.987
211,67,Ivar Hammerfell,75,9,2m,Emsrocks,3,26,7,2,0.954
212,66,Shayde Truedhart,59,7,9m,Arx,4,11,9,0,0.936
213,66,Rocko Hopkins,54,9,6m,Marisa,7,7,6,0,0.934
214,66,Demeter Merwin-Glory,62,9,2F,Python,7,7,6,0,0.934
215,66,Cassie Radke,65,8,5f,Mylee,6,7,4,1,0.888
216,66,Bolts Spark,74,8,3m,Chevi,5,10,8,0,0.842
217,66,Anani Petros,56,9,12m,Kevin,7,5,5,0,0.825
218,65,Elettra Eckhart,75,9,6f,Ghosty,7,9,5,0,0.825
219,65,Ember Milan,56,9,9f,Reeallia,7,6,1,2,0.755
220,65,Saskia Hamilton,58,8,9f,Greenbeads,5,8,7,0,0.733
221,65,Clementina Ogden,76,9,7f,Arx,3,17,5,3,0.715
222,65,Raquel Izar,76,9,11f,Solo,5,11,7,1,0.712
223,65,Reese LaChance,74,8,7m,Dars,5,11,8,0,0.698
224,64,Daniela Rasoio,77,8,8f,Frankel,7,3,4,1,0.674
225,64,Curse Jinx,75,9,4m,Jorg,5,15,7,0,0.671
226,64,Jequirity Eckhart,71,9,6f,Arx,7,12,5,1,0.647
227,64,Noelia Tibideaux,72,9,10f,Azaleah,6,10,5,1,0.605
228,64,Adelaide Throes,76,9,3f,Kay,7,6,7,0,0.601
229,64,Alfie Larson,77,8,12m,Mylee,6,6,7,0,0.601
230,64,Elodie Magpie,63,8,5f,Arx,7,6,4,0,0.572
231,63,Chester Meisenzahl,76,9,7m,Emsrocks,7,7,3,2,0.531
232,63,Nadene Albertine,57,8,7f,Arrowchaser,5,7,4,1,0.517
233,63,Bran Wolfe,62,9,8M,Rosetta,8,4,3,0,0.504
234,63,Chaske Parks,69,8,9m,Emsrocks,7,4,1,1,0.500
235,63,Dane Allore,72,9,10m,Dars,4,17,11,0,0.488
236,63,Emmery Johnson,73,8,5f,Jess,5,10,5,1,0.482
237,62,Sami Hawkings,55,7,10f,Cel,5,9,6,0,0.457
238,62,Sonja Arcopello,67,8,6f,Kiah,6,7,5,0,0.454
239,62,Dante Ramadar,61,8,2m,Snakebird,5,10,7,0,0.445
240,62,Gabrielle Bellamonte,75,9,4f,Chaos,5,18,5,1,0.420
241,62,Windy Mathers,54,9,4f,Greenbeads,7,8,5,0,0.392
242,62,Caine Winchester,78,9,10m,Tom,5,13,9,0,0.386
243,61,Henrietta 'Hettie' Cheyne,72,9,4f,Frankel,5,12,6,1,0.384
244,61,Fledger Rells,60,8,4m,Morgana,6,5,2,1,0.382
245,61,Ingran Ansgot,75,9,6m,Elegant,3,28,8,1,0.375
246,61,Nachele Hale,55,7,11f,Molly,3,15,8,1,0.369
247,61,Claire Partridge,66,9,7f,Loren,5,12,8,0,0.347
248,61,Blaire Sycamore,68,9,5m,Arx,4,10,6,1,0.343
249,61,Yaron Raidan,60,8,8f,Wolf Tears,5,8,6,0,0.336
250,60,Desimae Warble,74,8,11f,Grim,5,8,6,0,0.336
251,60,Noah Ripley,63,8,4m,Windy,6,8,5,0,0.309
252,60,Zanne Mason,55,7,8f,Atoa,4,10,7,0,0.286
253,60,Cha Leviane,68,9,8f,Pogue,6,7,1,2,0.280
254,60,Exar Shan,78,9,2m,Cato,6,11,8,0,0.277
255,60,Jim Deer,68,9,12m,Kire,3,14,6,2,0.268
256,59,Scarlett Stroms,75,9,10f,Zoë,2,35,10,1,0.263
257,59,Anya Crider,58,8,8f,Matta,2,15,9,1,0.237
258,59,Elise Wheaton,59,7,11f,Ev,3,13,9,0,0.223
259,59,Olivia Revenue,70,8,2f,Marr,4,15,7,1,0.184
260,59,Nell Locke,72,9,5f,Loony,7,7,2,1,0.176
261,59,Gillian Imberline,78,9,8f,Zori,6,12,6,1,0.170
262,58,Claude Aeger,66,9,5m,Kire,7,7,4,0,0.139
263,58,Annora Taylor,71,9,11f,Thundy,6,13,7,0,0.135
264,58,Neptune Liefde,71,9,12m,Flyss,5,14,4,2,0.133
265,58,Fallon Payne,75,9,5f,Stare,5,17,6,0,0.129
266,58,Florence Hartmyre,64,8,6f,Wonder,5,10,2,2,0.121
267,58,Riker Mills,62,9,5M,Aquarianfire,5,11,7,0,0.094
268,57,Helios Delacroix,75,9,9m,Rave,4,19,5,1,0.090
269,57,Jestina Lelborne,54,9,9f,Stare,3,12,9,0,0.085
270,57,Pixie Ruined,69,8,5f,Azaleah,5,7,5,0,0.082
271,57,Heathcliff Travers,73,8,2m,Zorionak,4,13,6,1,0.075
272,57,Hayden Harvard,77,8,2f,Nyte,6,7,6,0,0.060
273,57,Jeremy Houser,54,9,3m,Rizzo,4,9,7,0,0.053
274,57,Jordan Scoff-Reye,69,8,10m,Kousei,4,13,8,0,0.038
275,56,Ares Pine,66,9,2m,Cato,7,8,2,1,0.031
276,56,Mercury Duval,56,9,5f,Thundy,2,13,10,0,0.008
277,56,Soren Ryder,57,8,12m,Damen,3,11,6,1,-0.008
278,56,Kaiser Fray,76,9,1m,Python,4,13,8,0,-0.011
279,56,Maia Grayson,57,8,2f,Rosetta,4,8,6,0,-0.036
280,56,Naida Gardez,59,7,4f,Gxk,5,7,4,0,-0.050
281,55,May Rhodes,67,8,9f,Sahalie,5,11,4,1,-0.060
282,55,Natalie Brandt,73,8,8f,Lancelot,5,11,4,1,-0.060
283,55,Shadow Bison,65,8,5m,Semper,4,11,7,0,-0.071
284,55,Denver Samuels,59,7,11m,South,4,10,4,1,-0.075
285,55,Akasha Labinnac,64,8,9f,Roseh,3,14,9,0,-0.080
286,55,Ree Fer,76,9,3m,Kousei,7,8,6,0,-0.085
287,54,Nat Krigel,70,8,4m,Anzie,4,14,8,0,-0.106
288,54,Mitchell Laws,74,8,12m,Tom,4,14,8,0,-0.106
289,54,Asa Reau,68,9,2m,Elegant,4,13,8,0,-0.127
290,54,Iris Brookside,54,9,5f,tardisgirl,2,14,10,0,-0.136
291,54,Chloë Angor,71,9,12f,Dee,7,9,4,0,-0.150
292,54,Ludwig Beilschimdt,58,8,7m,Atoa,3,12,6,1,-0.152
293,54,Motel Hunt,64,8,10m,Greenbeads,3,12,6,1,-0.152
294,53,Maisie Lennox,78,9,3f,Mylee,5,14,8,0,-0.156
295,53,Colton Brax,54,9,5m,Gigi,3,11,8,0,-0.168
296,53,Deja Hatcher,74,8,3f,Marree,4,12,5,1,-0.178
297,53,Atlas Shim,77,8,5m,Arrows,5,9,4,1,-0.192
298,53,Hawthorn Fray,58,8,9m,Snakebird,5,9,5,0,-0.206
299,53,Sticky Washington,65,8,6m,Shine,5,9,5,0,-0.206
300,52,Cherry Grace,55,7,5f,Sunnyian,4,11,4,1,-0.219
301,52,Tobias LaChance,77,8,7m,Dars,3,20,10,0,-0.226
302,52,Imp Stole,70,8,8f,Grim,5,12,6,0,-0.242
303,52,Nocturne Vargas,67,8,9m,Lalia,4,15,8,0,-0.251
304,52,Beatrice Birch,65,8,2f,Meghan,4,13,3,2,-0.285
305,52,Eryn Sconoscuito,72,9,7f,Cameo,5,11,6,0,-0.303
306,51,Deimos Lasner,64,8,7m,Kire,2,16,8,1,-0.305
307,51,July Cartwright,68,9,7f,Loki,4,12,5,1,-0.343
308,51,Stella Summit,70,8,7f,Avalon,4,13,7,0,-0.360
309,51,Gregor McGregor,76,9,2m,Aya,BB,24,11,0,-0.406
310,51,Lorenza Aita,76,9,1f,Kaplan,4,16,6,1,-0.407
311,51,Eva Tidestone,78,9,4f,Arrows,5,16,6,1,-0.407
312,50,Quartz Caplin,69,8,1f,Jess,3,14,6,1,-0.441
313,50,Daniel Tate,73,8,7m,Arcticwoof,6,8,1,1,-0.449
314,50,Bailey Truus,73,8,10f,Arrows,4,14,5,1,-0.467
315,50,Elon Emberstatt,61,8,10m,Kay,6,8,3,0,-0.486
316,50,Dysis Admea,59,7,7f,Stare,2,15,9,0,-0.489
317,50,Mantel Scoff,65,8,10m,Kousei,3,15,4,2,-0.548
318,50,Diorite Fray,75,9,1f,Gryphon,3,29,6,1,-0.564
319,49,Faye Sinclair,63,8,3f,Cici,1,18,9,1,-0.568
320,49,Marcus Fletcher,75,9,7m,Yoya,4,23,4,1,-0.596
321,49,Gabriel Izar,78,9,11m,Lyndis,5,15,3,2,-0.623
322,49,Ryanna Summit,74,8,7f,Azaleah,3,18,9,0,-0.657
323,49,Tauankia Ojai (Notchimine),68,9,6m,Windy,5,8,4,0,-0.666
324,49,Learna Libertine,62,9,4F,Tattletale,2,15,9,0,-0.678
325,48,Daniel Decatur,55,7,10m,Greenbeads,3,14,5,1,-0.679
326,48,Walker Liggens,61,8,9m,Specialk,4,13,2,2,-0.683
327,48,Molly Malachite,75,9,1f,Mrmista,2,37,10,0,-0.713
328,48,Hannah McEwen,66,9,2f,Specialk,1,19,7,2,-0.716
329,48,Moss Rose,66,9,11f,Ani,5,14,6,0,-0.736
330,48,Dymas Nyx,78,9,4m,Marr,7,7,4,0,-0.736
331,47,Meela Birdbrook,63,8,12f,Meg,2,16,9,0,-0.740
332,47,Valerie Leotos,68,9,2f,Rosetta,3,15,8,0,-0.746
333,47,Lightning O'Hana,75,9,4m,Arrows,3,31,8,0,-0.746
334,47,Ethan Taurus,60,8,6m,Cameron,BB,20,8,2,-0.793
335,47,Geo Venn,70,8,6m,Mattio,4,16,4,0,-0.793
336,47,Noah Bowers,70,8,8m,Rave,3,22,8,1,-0.800
337,46,Surge Alder,60,8,3m,Cass,3,11,4,1,-0.803
338,46,Tobias Staite,77,8,4m,Mattio,5,13,6,0,-0.806
339,46,Cecilia Brontz,72,9,8f,Marr,4,18,6,1,-0.812
340,46,Magenta Ryker,66,9,9f,Dars,4,15,7,0,-0.813
341,46,Ronnie Cheyne,75,9,4m,Frankel,3,27,5,1,-0.818
342,46,Henry Fleet,66,9,7m,Skittlekat,3,16,6,1,-0.853
343,46,Olivia Bell,57,8,10f,Alex,3,14,7,0,-0.875
344,45,Noreen Lyvers,61,8,10f,Charity,3,14,7,0,-0.875
345,45,Saxton Hale,71,9,5f,Grim,5,18,5,1,-0.879
346,45,Anarchy Brice,75,9,4f,Flyss,4,20,5,0,-0.887
347,45,Timothy Feldon,72,9,9m,Zoë,3,19,7,1,-0.888
348,45,Jacinda Zembori,67,8,8f,Briar,4,14,6,0,-0.901
349,45,Basil Isley,76,9,6f,Rave,2,22,9,0,-0.913
350,44,Samson Parish,77,8,4f,Kari,2,22,9,0,-0.913
351,44,Zagreus Moon,77,8,8m,Kaplan,5,11,5,0,-0.915
352,44,Abigale Tenan,55,7,9f,Sapphire,4,13,5,0,-0.943
353,44,Abel MacLaren,70,8,10m,Ghosty,3,20,9,0,-0.946
354,44,Glacia Eon,76,9,9f,Zoë,4,14,6,0,-0.951
355,44,Violetta Salazar,78,9,7f,Python,7,6,3,0,-0.989
356,43,Kale Forrest,55,7,12m,Kale,2,16,6,1,-0.994
357,43,Jeff Ryder,69,8,1m,Greenbeads,4,12,5,0,-1.010
358,43,Taurus Hawk,71,9,9m,Marr,5,16,6,0,-1.025
359,43,Kirk Marshall,68,9,10m,Charade,3,17,8,0,-1.034
360,43,Agatha Mirell,56,9,8f,Ray,2,12,7,0,-1.040
361,43,Weldon Morris,57,8,10m,Hayley,3,13,2,2,-1.054
362,43,Wendell Gordon,76,9,12m,Marr,5,12,5,0,-1.060
363,42,Raphale Grey,58,8,5m,Magnet,2,13,5,1,-1.065
364,42,Kendrick Draper,68,9,1m,Chaos,2,18,7,1,-1.074
365,42,Ruby Georges,54,9,7f,Teampeeta,2,15,8,0,-1.076
366,42,Maya Xiaoqing,70,8,9f,Azaleah,3,21,9,0,-1.090
367,42,Themba Kilera,57,8,7m,Wolf Tears,3,10,5,0,-1.093
368,42,Soyala Delaire,58,8,1f,Skylar,5,7,2,0,-1.110
369,41,Ezra Argrow,63,8,3m,North,3,13,6,0,-1.128
370,41,Rhaegar Hammerfell,77,8,2m,Cato,3,18,7,0,-1.130
371,41,Clarisse Wilmith,56,9,6f,Tori,4,9,4,0,-1.140
372,41,Seth Brogan,75,9,7m,Marr,3,32,7,0,-1.143
373,41,Delta Castley,72,9,9f,Kari,2,21,10,0,-1.146
374,41,Tiger Chautin,67,8,2f,Zoë,3,16,7,0,-1.164
375,40,Sirrah Birnam,77,8,11m,Kire,5,10,4,0,-1.169
376,40,Anthony Peterson,56,9,10m,Wingsonmyheels,1,19,10,0,-1.188
377,40,Iona Holbrook,73,8,11f,Cameo,3,19,8,0,-1.199
378,40,Erik Strauss,64,8,12m,Charade,3,11,3,1,-1.200
379,40,Chaos O'Hana,75,9,4f,Cameo,2,41,7,1,-1.218
380,40,Walherich Cnaimhin,76,9,11m,Arcticwoof,7,5,2,0,-1.242
381,39,Colan Raftor,58,8,10m,Nervoux,2,14,7,0,-1.246
382,39,Asriel Dreamurr,75,9,2m,Nyte,3,33,5,1,-1.250
383,39,Penelope Libertine,61,8,4f,Lalia,5,11,1,1,-1.253
384,39,Oz Myrrh,54,9,1m,L,1,17,7,1,-1.260
385,39,Anastasia Fortescue,57,8,1f,Shrimp,2,17,8,0,-1.282
386,39,Killian Reese,61,8,12m,Damen,2,17,8,0,-1.282
387,39,Leticia Tibideaux,71,9,10f,Azaleah,3,19,8,0,-1.323
388,38,Johnathan Wrusche,56,9,7m,Atoa,3,11,5,0,-1.361
389,38,Aurora Villela,66,9,10f,Reasons,2,17,8,0,-1.364
390,38,Winona Kirby,57,8,4f,Cameron,4,9,3,0,-1.373
391,38,Gaff Grimsdottir,64,8,4m,Verbal,2,15,7,0,-1.391
392,38,Quadrys Lexig,72,9,1m,Flyss,2,20,9,0,-1.400
393,38,Rhyme Morales,70,8,1f,Cameo,3,18,7,0,-1.452
394,37,Alaska Putley,62,9,7F,Danny,4,14,5,0,-1.464
395,37,Clementa Lowe,77,8,10f,Rave,4,15,5,0,-1.493
396,37,Ophelia Stromstatt,75,9,10f,Rosetta,3,24,5,0,-1.505
397,37,Damaris Benson,59,7,10f,Alex,3,14,5,0,-1.511
398,37,Noelle Pines,58,8,7f,Cici,4,10,3,0,-1.517
399,37,Jaime Lyon,64,8,2m,South,3,13,5,0,-1.526
400,36,Basil Anatola,72,9,7m,Chelsey,5,14,4,0,-1.532
401,36,Petra Vipointe,73,8,12f,Azaleah,3,16,6,0,-1.561
402,36,Quillon Blackfare,77,8,9m,Zoë,2,21,7,0,-1.563
403,36,Sul Tervish,55,7,1m,Jasik,2,17,7,0,-1.573
404,36,Ally Willics,60,8,7f,Greenbeads,1,17,6,1,-1.616
405,36,Evangeline Karbajal,54,9,11f,Rosie,2,16,7,0,-1.617
406,36,Mariela Pitre,77,8,9f,Arx,4,16,5,0,-1.637
407,35,Ismene Clemet,54,9,2f,Innocent,3,13,5,0,-1.650
408,35,Percy Delacroix,73,8,9f,Briar,BB,23,9,1,-1.660
409,35,Elverum Troshaldr,69,8,8m,Rave,4,11,3,0,-1.661
410,35,Iain Miristioma,72,9,11m,Emsrocks,6,9,1,0,-1.673
411,35,Kraygon Truus,77,8,10m,Emsrocks,6,8,2,0,-1.675
412,35,Insanis Keeni,72,9,6m,Kousei,5,15,4,0,-1.676
413,34,Benat Izar,63,8,11m,Zori,5,11,2,0,-1.688
414,34,Trace Rowgan,56,9,5m,Damen,1,17,8,0,-1.694
415,34,Gabrielle O'Dale,70,8,6f,Ali,3,17,6,0,-1.706
416,34,Ross Wolfe,73,8,3m,Kire,3,20,7,0,-1.741
417,34,Mila Breukelen,77,8,12f,Lyndis,4,14,4,0,-1.746
418,34,Evan Jackson,57,8,6m,Underarmor,2,15,4,1,-1.751
419,33,Argonite Shore,66,9,1m,Kay,5,13,3,0,-1.785
420,33,Scout Fray,72,9,1f,Cass,5,13,3,0,-1.785
421,33,Fawn Raiys,61,8,6f,Angel,2,15,6,0,-1.788
422,33,Iridium Eckhart,75,9,6f,Arx,3,30,5,0,-1.794
423,33,Aline Larkin,76,9,2f,Noodles,3,20,6,0,-1.817
424,33,Ezen Moreno,77,8,1m,Thundy,5,12,1,1,-1.818
425,32,Larae Vacanti,58,8,10f,Larae,2,18,7,0,-1.824
426,32,Minos Vallanso,73,8,5m,Tom,5,12,2,0,-1.832
427,32,Prenten Sichian,54,9,11m,Prenten,1,18,8,0,-1.839
428,32,Emma Jenning,56,9,10f,Bane,1,18,8,0,-1.839
429,32,Elya Johnwayne,70,8,2f,Aya,BB,24,11,0,-1.842
430,32,Maiya Clandestinee,60,8,2f,Nofo,1,16,5,1,-1.869
431,32,Estelle Havenporth,56,9,11f,Glitter,2,15,6,0,-1.871
432,31,Mary Ellen Goulding,66,9,12f,Axel,1,21,9,0,-1.874
433,31,Relic Livewood,60,8,9m,Tsarashi,2,13,5,0,-1.897
434,31,Storm Jay,65,8,9m,Emsrocks,4,10,2,0,-1.914
435,31,Jupiter Vicks,58,8,4f,Alex,2,16,6,0,-1.933
436,31,Hope Woodards,65,8,8f,Rook,2,16,6,0,-1.933
437,31,Sampson Farron,63,8,7f,Sampson,BB,22,10,0,-1.951
438,30,Rhetoric Anadiplosis,76,9,8f,Kire,2,21,6,0,-1.961
439,30,Simon Karnes,70,8,10m,Arx,3,19,6,0,-1.994
440,30,Theodore Croggstad,56,9,2m,Semper,3,10,3,0,-2.012
441,30,Darius Radler,67,8,10m,Wonder,3,17,3,1,-2.066
442,30,Essence Nemad,63,8,10f,Danny,3,14,4,0,-2.068
443,30,Dandy Gordon,76,9,12f,Greenbeads,3,19,5,0,-2.070
444,29,Darren Dublin,65,8,1m,Kittyoemily,2,17,6,0,-2.077
445,29,Animus Valentine,68,9,9m,Kousei,3,16,5,0,-2.083
446,29,Fallstreak Hayes,61,8,11m,Naya,1,20,8,0,-2.086
447,29,Hypatia Anning,73,8,3f,Ali,3,17,5,0,-2.103
448,29,Blythe Godwin-Seavers,60,8,5m,Arx,2,12,4,0,-2.150
449,29,Future Stine,67,8,3f,Mini,2,18,4,1,-2.184
450,29,Entaelia Lanine,64,8,2f,Mew,1,18,7,0,-2.195
451,28,Emery Willton,68,9,12f,Arrows,2,20,7,0,-2.195
452,28,Destiny Queens,61,8,9f,Logan,1,18,7,0,-2.195
453,28,Timothy Hearst,56,9,1m,Gorim,BB,21,9,0,-2.204
454,28,Aelia Vanderwell,67,8,7f,Cass,5,12,1,0,-2.229
455,28,Renée Perdris,73,8,1f,Onyx,BB,24,10,0,-2.239
456,28,Alice Sullivan,77,8,3f,Shrimp,1,23,6,0,-2.250
457,27,Amelina Fournie,78,9,1f,Puppy,BB,23,6,0,-2.250
458,27,Liliana Rhyson,60,8,10f,Ray,3,10,2,0,-2.286
459,27,Rory Benstaloe,76,9,10m,Frankel,4,15,3,0,-2.288
460,27,Jano Karmichael,75,9,7m,Rook,3,25,3,0,-2.300
461,27,Michael Smith,59,7,1m,Specialk,BB,22,7,1,-2.311
462,27,Hilderic Ekon,55,7,8m,Skylar,BB,22,9,0,-2.348
463,26,Hedvig Fabre,69,8,2f,Tristen,BB,22,9,0,-2.348
464,26,JJ Zedler,78,9,5m,Arx,BB,21,5,0,-2.358
465,26,Reeallia Thorne,55,7,7f,Reeallia,4,12,1,0,-2.388
466,26,Ellea Banks,62,9,5F,Matta,2,16,5,0,-2.413
467,26,Hela Loptrdottir,75,9,2f,Anzie,2,34,5,0,-2.413
468,26,Ember Hilbrook,59,7,8f,Ashley,3,12,2,0,-2.415
469,25,Vesper Daisy,78,9,6f,Azaleah,2,19,2,1,-2.430
470,25,Jay Krearns,68,9,4m,Tom,2,19,6,0,-2.448
471,25,Sylvania Legend,58,8,2f,Morgana,4,11,1,0,-2.456
472,25,Hannah O'Leary,71,9,9f,Briar,2,22,7,0,-2.483
473,25,Alejandro Baez,78,9,12m,Kay,BB,22,5,0,-2.503
474,25,Autumn Radiata,55,7,2f,Rockgirl,2,18,5,0,-2.513
475,25,Callixtus Shim,75,9,5m,Mattio,2,36,3,1,-2.520
476,24,Mizar Roxen,66,9,4f,Emsrocks,1,20,7,0,-2.525
477,24,Gentian Hope,75,9,8m,Lyndis,1,43,7,0,-2.525
478,24,Vitani Loewen,62,9,9F,Naya,BB,18,5,1,-2.529
479,24,Bruce Clayton,77,8,3m,Fuzzy,4,17,1,1,-2.539
480,24,Kwabena Cane,60,8,11m,Meranda,1,15,5,0,-2.557
481,24,Snip Bysho,57,8,4m,Jasik,3,12,2,0,-2.574
482,23,Kyle Jones,65,8,2m,Yoya,1,18,6,0,-2.592
483,23,Ryin Sileece,68,9,3f,Traid,BB,21,8,0,-2.601
484,23,Weaver Rhodes,73,8,11m,Emsrocks,3,15,3,0,-2.610
485,23,Barnabas Stroud,68,9,7m,Nyte,4,11,1,0,-2.621
486,23,Azulon Cornoli,57,8,2m,Trey,BB,24,9,0,-2.637
487,23,Eden Angelis,65,8,9f,Onyx,BB,24,9,0,-2.637
488,22,Leo Everitt,71,9,3m,Damen,3,20,5,0,-2.660
489,22,Ocean Jones,56,9,12f,Skylar,1,16,1,2,-2.669
490,22,Elvaina Eckhart,75,9,6f,Briar,1,45,7,0,-2.669
491,22,Ave Clayton,75,9,3f,Onyx,2,38,5,0,-2.701
492,22,Roger Nelson,63,8,8m,Tennisbeast,BB,19,7,0,-2.710
493,22,Xavier Gregory,64,8,11m,Dreamer,BB,19,7,0,-2.710
494,21,Jacob Wickham,76,9,5m,Lalia,3,18,3,0,-2.721
495,21,Haff Ferde,61,8,5m,Cass,2,16,4,0,-2.728
496,21,Siana Felies,65,8,7f,Ani,1,19,6,0,-2.737
497,21,Karl Miller,57,8,3m,Bane,2,19,5,0,-2.763
498,21,Serena Fennel,77,8,6f,Puppy,1,24,5,0,-2.791
499,21,Apollo Salon,78,9,9f,Cameo,BB,24,5,0,-2.791
500,21,Garret Vanderbilt,55,7,3m,Falx,2,20,5,0,-2.801
501,20,Carrita Nessage,72,9,11f,Puppy,1,22,7,0,-2.813
502,20,Brooke Destin,75,9,4f,Tristen,1,47,7,0,-2.813
503,20,Jaime Maccon,58,8,12f,Sam,BB,20,5,1,-2.818
504,20,Cassandra Hearsh,59,7,3f,Chase,BB,17,6,0,-2.819
505,20,Daphne Riot,69,8,4f,Kiah,2,17,2,1,-2.835
506,20,Aisely Carter,60,8,12f,Cynara,2,14,3,0,-2.837
507,19,Belle Calloway,63,8,11f,Cait,1,17,5,0,-2.846
508,19,Nightshade Bluesea,64,8,11f,Nightlock,1,17,5,0,-2.846
509,19,Pollux Cree,75,9,5f,Fuzzy,2,40,5,0,-2.846
510,19,Senia Alexanderson,54,9,8f,Reeallia,BB,23,6,1,-2.853
511,19,Guy Montago,62,9,11M,Snakebird,BB,20,7,0,-2.855
512,19,Cassius Birch,63,8,2m,Meghan,BB,20,7,0,-2.855
513,18,Ella Tracy,77,8,5f,Unitato,3,19,3,0,-2.865
514,18,Rachel Violette,74,8,2f,Kaplan,1,20,6,0,-2.881
515,18,Eden Turner,75,9,5f,Clover,BB,49,8,0,-2.890
516,18,Jackson Samuels,74,8,6m,Yoya,3,17,3,0,-2.898
517,18,James Mocking,59,7,12m,Mockingjames,BB,18,6,0,-2.964
518,18,Leticia Wheeler,75,9,7f,Gaby,2,42,5,0,-2.990
519,18,Jayson Calloway,54,9,10m,Atoa,BB,21,7,0,-2.999
520,17,Dominic Rosenfeld,60,8,7m,Semper,BB,21,7,0,-2.999
521,17,Kolo Osei,63,8,9m,Kolo,BB,21,7,0,-2.999
522,17,Demelza Shim,78,9,5f,Ali,2,20,3,0,-3.009
523,17,Amerika Eckhart,72,9,6f,Muffin,5,16,1,0,-3.013
524,17,Hayden Devitko,57,8,11m,girlbeyondsaving,2,18,4,0,-3.016
525,17,Papero Hitomiya,55,7,11m,Luna,BB,24,8,0,-3.034
526,16,Sperring Kapow,59,7,4m,Cass,BB,24,8,0,-3.034
527,16,Kyros Moreno,75,9,1m,Thundy,BB,50,8,0,-3.034
528,16,Zanita Luzell,75,9,9f,Greenbeads,BB,51,8,0,-3.034
529,16,Kizzy Turren,73,8,10m,Marree,3,18,3,0,-3.043
530,16,McCarthy Balmain,76,9,8m,Gryphon,BB,23,4,0,-3.045
531,16,Abri Ballo,61,8,12f,Dancin,1,19,5,0,-3.134
532,15,Dalton Fahert,54,9,9m,Savius,BB,22,7,0,-3.143
533,15,Mystic Trotter,69,8,9f,Grim,3,16,2,0,-3.152
534,15,Stevie Masinova,73,8,6m,Rave,2,22,5,0,-3.196
535,15,Brendon Halt,65,8,12m,South,3,14,1,0,-3.261
536,15,Almar Nichols,62,9,12M,Tennisbeast,1,17,4,0,-3.284
537,15,Alba Hache,55,7,4f,Tea,BB,23,7,0,-3.288
538,14,Alexander Martinez,58,8,11m,Arrow,BB,23,7,0,-3.288
539,14,Vespasian Minix,65,8,7m,Chaos,BB,23,7,0,-3.288
540,14,Seepie Dilox,60,8,3f,Skylar,BB,18,5,0,-3.361
541,14,Estrella Angelo,55,7,6f,Cameron,1,21,5,0,-3.370
542,14,Mercy Woods,78,9,11f,Solo,4,17,1,0,-3.371
543,14,Alikia Lombray,58,8,6f,Ali,BB,21,6,0,-3.397
544,14,Cleo Sullivan,64,8,3f,Tristen,BB,21,6,0,-3.397
545,13,Levi Izar-Krane,69,8,11m,Tom,BB,21,6,0,-3.397
546,13,William Woodham,63,8,5m,Specialk,3,15,1,0,-3.405
547,13,Gaia Cross,69,8,12f,Minieclover,3,15,1,0,-3.405
548,13,Bree Fawn,69,8,10f,Ghosty,2,18,3,0,-3.414
549,13,Ralph Hawk,54,9,7m,Red,BB,24,7,0,-3.432
550,13,Alkin Fletcher,56,9,6m,Chase,BB,24,7,0,-3.432
551,12,August Millory,58,8,11f,Stare,BB,24,7,0,-3.432
552,12,Atlas Cornell,62,9,2M,Lulu,BB,24,7,0,-3.432
553,12,Jabber Jay,64,8,9m,Freshy,BB,24,7,0,-3.432
554,12,Draco Wellings,71,9,7m,Nyte,BB,24,7,0,-3.432
555,12,Jasna Michelson,54,9,6f,Dee,BB,19,5,0,-3.506
556,12,Allen Hearst,58,8,1m,Gorim,BB,19,5,0,-3.506
557,11,Zynna Yondall,59,7,9f,Kairay,BB,19,5,0,-3.506
558,11,Lydie Mansonna,62,9,10F,Kaylin,BB,19,5,0,-3.506
559,11,C'rizz Moon,78,9,8m,Mattio,2,18,1,0,-3.516
560,11,York Mentz,57,8,1m,Matta,2,16,2,0,-3.523
561,11,Kolton Enim,69,8,12m,Ali,1,19,4,0,-3.532
562,11,Odile Quintanilla,71,9,3f,Goat,2,21,4,0,-3.532
563,11,Sebastian Miller,58,8,8m,Dancin,BB,22,6,0,-3.541
564,10,Zelphyr Bastille,68,9,4f,Dia,BB,22,6,0,-3.541
565,10,Eternity Lordthorn,61,8,5f,Onyx,BB,22,6,0,-3.541
566,10,Lorenzo Ruined,75,9,5m,Kay,1,46,3,1,-3.571
567,10,Sylthis,54,9,4m,Palistus,BB,20,5,0,-3.650
568,10,Bolcco Renred,56,9,4m,Zonacat,BB,20,5,0,-3.650
569,10,Sophia Landros,65,8,4f,Cameo,BB,20,5,0,-3.650
570,9,Phoenix Medona,57,8,6f,Glitter,1,20,4,0,-3.676
571,9,Luna Shim,67,8,5f,Arcticwoof,1,20,4,0,-3.676
572,9,Enigma Lane,57,8,8f,Morgana,BB,23,6,0,-3.685
573,9,Dragan Baron,62,9,3M,North,BB,23,6,0,-3.685
574,9,Bae Fescue,64,8,10f,Aurum,BB,23,6,0,-3.685
575,9,Dillon Hartman,69,8,3f,Cameo,BB,23,6,0,-3.685
576,8,Rowan Combe,70,8,7f,Zoë,BB,23,6,0,-3.685
577,8,Amadeus Cumberland,61,8,7m,Raseri,BB,23,6,0,-3.685
578,8,Cole Haister,56,9,11m,Grikey,2,14,1,0,-3.714
579,8,Lemon Cake,72,9,12m,Yoya,1,23,5,0,-3.753
580,8,Ceres Teflin,59,7,6f,Solace,BB,21,5,0,-3.794
581,8,Mason Krearns,62,9,4M,Tom,BB,21,5,0,-3.794
582,7,Ivana Vox,65,8,6f,Chime,BB,21,5,0,-3.794
583,7,Eira Craft,67,8,12f,Arya,BB,21,5,0,-3.794
584,7,Drake Harvest,74,8,11m,Puppy,BB,21,5,0,-3.794
585,7,Meghan Cooper,68,9,9f,Puppy,BB,24,6,0,-3.830
586,7,Affron Williams,75,9,12m,Bailee,BB,52,6,0,-3.830
587,7,Taylor Muncie,61,8,11f,Anthena,BB,24,6,0,-3.830
588,7,Mark Kane,55,7,9m,Popcap,2,19,2,0,-3.850
589,6,Chloriphina Sills,75,9,4f,Unitato,2,39,2,0,-3.894
590,6,Andesite Obsidian,72,9,2m,Kaplan,1,24,5,0,-3.897
591,6,Gerrard Menderson,56,9,3m,Ella,BB,22,5,0,-3.938
592,6,Damon McCoy,57,8,9m,Rascalgal,BB,22,5,0,-3.938
593,6,Linus Cohen,65,8,8m,Verbal,BB,22,5,0,-3.938
594,6,Luke Davis,66,9,8m,Anatra,BB,22,5,0,-3.938
595,5,Cystine Crystal,67,8,6m,Wander,BB,22,5,0,-3.938
596,5,Jix Everwild,67,8,12m,Ani,2,19,2,0,-3.956
597,5,Myara Lowe,74,8,10f,Avalon,2,19,2,0,-3.956
598,5,Dustin Summerfield,58,8,12m,Jimmylost,2,17,1,0,-4.065
599,5,Hermione Easteallas,56,9,7f,Clovegoodshot,BB,23,5,0,-4.083
600,5,Baylee Spencer,60,8,4f,Markey,BB,23,5,0,-4.083
601,4,Ashby Twillkenn,63,8,8f,Wispy,BB,23,5,0,-4.083
602,4,Thistle Cardo,66,9,10m,Pogue,BB,23,5,0,-4.083
603,4,Joselle Brookwater,74,8,4f,Lyndis,BB,23,5,0,-4.083
604,4,Chole Corby,61,8,8f,Kiah,1,21,3,0,-4.218
605,4,Axel Van de Grif,63,8,10m,Kale,BB,24,5,0,-4.227
606,4,Cedric Lane,73,8,12m,Chelsey,2,21,2,0,-4.244
607,4,Aidin Grasswood,66,9,12m,Kittyoemily,2,18,1,0,-4.292
608,3,Moore Briggs,60,8,10m,Matt,BB,19,3,0,-4.301
609,3,Smokey Saber,60,8,12m,Devin,BB,22,4,0,-4.336
610,3,Zeki Webb,69,8,5m,Will,1,20,2,0,-4.471
611,3,Marianne Taylor,67,8,10f,Jess,BB,23,4,0,-4.480
612,3,Kia Soul,68,9,3m,Death,BB,23,4,0,-4.480
613,3,Anton Ladetto,75,9,6m,Noodles,1,48,3,0,-4.548
614,2,Kaia Johannesen,57,8,5f,Kaia,BB,21,3,0,-4.589
615,2,Lightning Vox,60,8,9f,Briknope,BB,24,4,0,-4.625
616,2,Velocity Rush,69,8,8f,Kay,BB,24,4,0,-4.625
617,2,Lazarus Stroms,75,9,10m,Pogue,1,44,2,0,-4.657
618,2,Alliance Dowry,59,7,2f,Dancin,BB,16,1,0,-4.663
619,2,Kimmie Yov-Maoi,74,8,8f,Fuzzy Wuzzie,BB,22,3,0,-4.734
620,1,Samuel Tulius,64,8,8m,Rosetta,BB,20,2,0,-4.843
621,1,Paige Hope,71,9,8f,Puppy,1,23,2,0,-4.946
622,1,Keanu Frost,66,9,3m,Minieclover,BB,24,3,0,-5.022
623,1,Cadman Gertz,67,8,3m,Loony,BB,24,3,0,-5.022
624,1,Sabrina Larue,74,8,9f,Noodles,BB,24,3,0,-5.022
625,1,Theseus Rhodium,62,9,6M,Semper,BB,22,2,0,-5.131
626,1,Akina Hooper,64,8,8f,Dancin,BB,22,2,0,-5.131
627,1,Arden Harper,59,7,5m,Nofo,BB,20,1,0,-5.240
628,1,Sapphire Ross,59,7,1f,Lulu,BB,23,2,0,-5.275
